{
    "metrics": {
        "vus": {
            "value": 8,
            "min": 1,
            "max": 8
        },
        "http_req_duration{expected_response:true}": {
            "med": 15.8355,
            "p(90)": 21.456,
            "p(95)": 24.885,
            "p(99)": 46.30846,
            "max": 192.14,
            "count": 15210,
            "avg": 17.297051216305107,
            "min": 4.314
        },
        "http_req_connecting": {
            "avg": 0.0037472057856673233,
            "min": 0,
            "med": 0,
            "p(90)": 0,
            "p(95)": 0,
            "p(99)": 0.12963999999999945,
            "max": 4.595,
            "count": 15210
        },
        "http_req_receiving": {
            "min": 0.005,
            "med": 0.039,
            "p(90)": 0.09,
            "p(95)": 0.123,
            "p(99)": 0.287,
            "max": 6.048,
            "count": 15210,
            "avg": 0.05278737672583777
        },
        "http_req_waiting": {
            "avg": 17.216401775147958,
            "min": 4.276,
            "med": 15.762,
            "p(90)": 21.367,
            "p(95)": 24.766499999999994,
            "p(99)": 46.252619999999986,
            "max": 191.646,
            "count": 15210
        },
        "data_received": {
            "count": 7885726,
            "rate": 32855.598580830476
        },
        "http_req_blocked": {
            "avg": 0.011256476002628904,
            "min": 0,
            "med": 0.004,
            "p(90)": 0.009,
            "p(95)": 0.013,
            "p(99)": 0.24363999999999944,
            "max": 4.671,
            "count": 15210
        },
        "http_req_duration": {
            "count": 15210,
            "avg": 17.297051216305107,
            "min": 4.314,
            "med": 15.8355,
            "p(90)": 21.456,
            "p(95)": 24.885,
            "p(99)": 46.30846,
            "max": 192.14,
            "thresholds": {
                "p(95)<20000": false
            }
        },
        "http_req_sending": {
            "p(90)": 0.039,
            "p(95)": 0.06,
            "p(99)": 0.18990999999999986,
            "max": 7.243,
            "count": 15210,
            "avg": 0.027862064431294336,
            "min": 0.003,
            "med": 0.017
        },
        "http_req_failed": {
            "passes": 0,
            "fails": 15210,
            "thresholds": {
                "rate<0.5": false
            },
            "value": 0
        },
        "iterations": {
            "count": 15210,
            "rate": 63.371927253677285
        },
        "vus_max": {
            "value": 8,
            "min": 8,
            "max": 8
        },
        "iteration_duration": {
            "p(95)": 126.04215275,
            "p(99)": 146.74538944,
            "max": 292.756292,
            "count": 15210,
            "avg": 118.31265983865876,
            "min": 104.666042,
            "med": 116.85850049999999,
            "p(90)": 122.5880339
        },
        "http_reqs": {
            "count": 15210,
            "rate": 63.371927253677285
        },
        "checks": {
            "fails": 0,
            "passes": 15210,
            "value": 1
        },
        "http_req_tls_handshaking": {
            "p(90)": 0,
            "p(95)": 0,
            "p(99)": 0,
            "max": 0,
            "count": 15210,
            "avg": 0,
            "min": 0,
            "med": 0
        },
        "data_sent": {
            "count": 6272850,
            "rate": 26135.607749719235
        }
    },
    "root_group": {
        "name": "",
        "path": "",
        "id": "d41d8cd98f00b204e9800998ecf8427e",
        "groups": {},
        "checks": {
                "response has status": {
                    "name": "response has status",
                    "path": "::response has status",
                    "id": "b9ff80c48cb0b3fa2ed22e84ac94efd1",
                    "passes": 15210,
                    "fails": 0
                }
            }
    }
}