{
    "metrics": {
        "http_req_connecting": {
            "p(90)": 0,
            "p(95)": 0,
            "p(99)": 0.15121999999999974,
            "max": 27.914,
            "count": 14090,
            "avg": 0.004804826117814053,
            "min": 0,
            "med": 0
        },
        "http_req_sending": {
            "med": 0,
            "p(90)": 0.012,
            "p(95)": 0.021,
            "p(99)": 0.047109999999999874,
            "max": 4.183,
            "count": 14090,
            "avg": 0.00458261178140528,
            "min": 0
        },
        "checks": {
            "passes": 2167,
            "fails": 11923,
            "value": 0.1537970191625266
        },
        "http_req_duration{expected_response:true}": {
            "med": 14.801,
            "p(90)": 22.184900000000003,
            "p(95)": 33.5771,
            "p(99)": 137.37918999999997,
            "max": 767.826,
            "count": 2030,
            "avg": 21.321173399014754,
            "min": 5.946
        },
        "data_received": {
            "rate": 5256.39843895208,
            "count": 1104129
        },
        "vus_max": {
            "value": 8,
            "min": 8,
            "max": 8
        },
        "http_req_duration": {
            "min": 0,
            "med": 0,
            "p(90)": 13.782,
            "p(95)": 17.111949999999993,
            "p(99)": 526.7771599999999,
            "max": 856.374,
            "count": 14090,
            "avg": 9.40445848119234,
            "thresholds": {
                "p(95)<20000": false
            }
        },
        "http_req_failed": {
            "passes": 12060,
            "fails": 2030,
            "thresholds": {
                "rate<0.5": true
            },
            "value": 0.8559261887863733
        },
        "http_req_receiving": {
            "p(99)": 0.161,
            "max": 114.724,
            "count": 14090,
            "avg": 0.016743009226401723,
            "min": 0,
            "med": 0,
            "p(90)": 0.024,
            "p(95)": 0.049
        },
        "http_req_tls_handshaking": {
            "min": 0,
            "med": 0,
            "p(90)": 0,
            "p(95)": 0,
            "p(99)": 0,
            "max": 0,
            "count": 14090,
            "avg": 0
        },
        "http_reqs": {
            "count": 14090,
            "rate": 67.07789941649463
        },
        "iteration_duration": {
            "p(99)": 628.18050561,
            "max": 956.847875,
            "count": 14090,
            "avg": 110.7169896532295,
            "min": 100.187375,
            "med": 101.4515625,
            "p(90)": 114.5770289,
            "p(95)": 117.82641265
        },
        "vus": {
            "max": 8,
            "value": 8,
            "min": 1
        },
        "data_sent": {
            "rate": 4116.236011794323,
            "count": 864633
        },
        "http_req_blocked": {
            "max": 36.515,
            "count": 14090,
            "avg": 0.006798367636621738,
            "min": 0,
            "med": 0,
            "p(90)": 0.003,
            "p(95)": 0.004,
            "p(99)": 0.1941099999999999
        },
        "iterations": {
            "count": 14090,
            "rate": 67.07789941649463
        },
        "http_req_waiting": {
            "p(90)": 13.717200000000002,
            "p(95)": 17.034749999999995,
            "p(99)": 526.4210499999999,
            "max": 855.931,
            "count": 14090,
            "avg": 9.383132860184535,
            "min": 0,
            "med": 0
        }
    },
    "root_group": {
        "id": "d41d8cd98f00b204e9800998ecf8427e",
        "groups": {},
        "checks": {
                "response has status": {
                    "name": "response has status",
                    "path": "::response has status",
                    "id": "b9ff80c48cb0b3fa2ed22e84ac94efd1",
                    "passes": 2167,
                    "fails": 11923
                }
            },
        "name": "",
        "path": ""
    }
}