{
    "metrics": {
        "http_reqs": {
            "count": 32,
            "rate": 0.11851871473283514
        },
        "http_req_receiving": {
            "p(99)": 0.69904,
            "max": 0.704,
            "count": 32,
            "avg": 0.17871875000000007,
            "min": 0,
            "med": 0.0415,
            "p(90)": 0.4711000000000001,
            "p(95)": 0.6016499999999998
        },
        "data_received": {
            "count": 8944,
            "rate": 33.12598076782742
        },
        "iteration_duration": {
            "p(90)": 60102.5577423,
            "p(95)": 60102.61542255,
            "p(99)": 60108.34001898,
            "max": 60110.904042,
            "count": 32,
            "avg": 55649.9453503125,
            "min": 32515.766166,
            "med": 59938.042979
        },
        "http_req_duration": {
            "med": 59836.5935,
            "p(90)": 60000.8341,
            "p(95)": 60000.9088,
            "p(99)": 60004.15311,
            "max": 60005.585,
            "count": 32,
            "avg": 55548.212499999994,
            "min": 32413.332,
            "thresholds": {
                "p(95)<20000": true
            }
        },
        "vus": {
            "value": 5,
            "min": 1,
            "max": 8
        },
        "http_req_tls_handshaking": {
            "p(90)": 0,
            "p(95)": 0,
            "p(99)": 0,
            "max": 0,
            "count": 32,
            "avg": 0,
            "min": 0,
            "med": 0
        },
        "http_req_sending": {
            "med": 0.0605,
            "p(90)": 0.15590000000000004,
            "p(95)": 0.22714999999999996,
            "p(99)": 0.25649,
            "max": 0.263,
            "count": 32,
            "avg": 0.08209375,
            "min": 0.022
        },
        "checks": {
            "passes": 16,
            "fails": 16,
            "value": 0.5
        },
        "http_req_failed": {
            "passes": 22,
            "fails": 10,
            "thresholds": {
                "rate<0.5": true
            },
            "value": 0.6875
        },
        "http_req_connecting": {
            "p(99)": 0.39382999999999996,
            "max": 0.427,
            "count": 32,
            "avg": 0.14959374999999994,
            "min": 0,
            "med": 0.1535,
            "p(90)": 0.27590000000000003,
            "p(95)": 0.31835
        },
        "data_sent": {
            "count": 14948,
            "rate": 55.363054619575614
        },
        "iterations": {
            "count": 32,
            "rate": 0.11851871473283514
        },
        "http_req_waiting": {
            "avg": 55547.95168749999,
            "min": 32412.934,
            "med": 59836.2755,
            "p(90)": 60000.7389,
            "p(95)": 60000.8736,
            "p(99)": 60003.96482,
            "max": 60005.322,
            "count": 32
        },
        "http_req_blocked": {
            "min": 0.004,
            "med": 0.2165,
            "p(90)": 0.43950000000000006,
            "p(95)": 0.4729999999999999,
            "p(99)": 0.54809,
            "max": 0.567,
            "count": 32,
            "avg": 0.22474999999999995
        },
        "http_req_duration{expected_response:true}": {
            "p(95)": 58768.866,
            "p(99)": 59492.322,
            "max": 59673.186,
            "count": 10,
            "avg": 50646.2671,
            "min": 32413.332,
            "med": 53770.5725,
            "p(90)": 57864.546
        },
        "vus_max": {
            "value": 8,
            "min": 8,
            "max": 8
        }
    },
    "root_group": {
        "name": "",
        "path": "",
        "id": "d41d8cd98f00b204e9800998ecf8427e",
        "groups": {},
        "checks": {
                "response has status": {
                    "fails": 16,
                    "name": "response has status",
                    "path": "::response has status",
                    "id": "b9ff80c48cb0b3fa2ed22e84ac94efd1",
                    "passes": 16
                }
            }
    }
}