{
    "metrics": {
        "http_req_tls_handshaking": {
            "avg": 0,
            "min": 0,
            "med": 0,
            "p(90)": 0,
            "p(95)": 0,
            "p(99)": 0,
            "max": 0,
            "count": 33
        },
        "data_sent": {
            "count": 13580,
            "rate": 50.29669028703688
        },
        "data_received": {
            "count": 12599,
            "rate": 46.66332849236949
        },
        "checks": {
            "fails": 15,
            "passes": 18,
            "value": 0.5454545454545454
        },
        "vus_max": {
            "value": 8,
            "min": 8,
            "max": 8
        },
        "http_reqs": {
            "rate": 0.12222317963712938,
            "count": 33
        },
        "http_req_receiving": {
            "max": 2.687,
            "count": 33,
            "avg": 0.2682727272727272,
            "min": 0,
            "med": 0.217,
            "p(90)": 0.4404,
            "p(95)": 0.6855999999999999,
            "p(99)": 2.058839999999999
        },
        "http_req_sending": {
            "p(95)": 0.35839999999999983,
            "p(99)": 0.6771599999999999,
            "max": 0.793,
            "count": 33,
            "avg": 0.10278787878787878,
            "min": 0.022,
            "med": 0.059,
            "p(90)": 0.14800000000000002
        },
        "http_req_waiting": {
            "p(90)": 60000.9652,
            "p(95)": 60001.053,
            "p(99)": 60001.09128,
            "max": 60001.098,
            "count": 33,
            "avg": 56346.44751515151,
            "min": 44644.931,
            "med": 58771.619
        },
        "http_req_duration{expected_response:true}": {
            "p(99)": 59835.34782,
            "max": 59994.245,
            "count": 14,
            "avg": 52846.993357142856,
            "min": 44645.326,
            "med": 53822.148499999996,
            "p(90)": 58226.267400000004,
            "p(95)": 59199.7591
        },
        "iterations": {
            "count": 33,
            "rate": 0.12222317963712938
        },
        "http_req_blocked": {
            "min": 0.003,
            "med": 0.206,
            "p(90)": 0.3472,
            "p(95)": 0.4353999999999999,
            "p(99)": 0.49119999999999997,
            "max": 0.496,
            "count": 33,
            "avg": 0.17303030303030298
        },
        "iteration_duration": {
            "max": 60103.70925,
            "count": 33,
            "avg": 56449.6867739697,
            "min": 44746.931875,
            "med": 58878.361125,
            "p(90)": 60102.5658252,
            "p(95)": 60102.9190918,
            "p(99)": 60103.47402344
        },
        "vus": {
            "value": 2,
            "min": 1,
            "max": 8
        },
        "http_req_duration": {
            "count": 33,
            "avg": 56346.818575757585,
            "min": 44645.326,
            "med": 58771.959,
            "p(90)": 60001.0254,
            "p(95)": 60001.0814,
            "p(99)": 60001.14532,
            "max": 60001.161,
            "thresholds": {
                "p(95)<20000": true
            }
        },
        "http_req_connecting": {
            "min": 0,
            "med": 0.15,
            "p(90)": 0.2334,
            "p(95)": 0.29,
            "p(99)": 0.31656,
            "max": 0.322,
            "count": 33,
            "avg": 0.11406060606060604
        },
        "http_req_failed": {
            "passes": 19,
            "fails": 14,
            "thresholds": {
                "rate<0.5": true
            },
            "value": 0.5757575757575758
        }
    },
    "root_group": {
        "name": "",
        "path": "",
        "id": "d41d8cd98f00b204e9800998ecf8427e",
        "groups": {},
        "checks": {
                "response has status": {
                    "name": "response has status",
                    "path": "::response has status",
                    "id": "b9ff80c48cb0b3fa2ed22e84ac94efd1",
                    "passes": 18,
                    "fails": 15
                }
            }
    }
}