{
    "root_group": {
        "id": "d41d8cd98f00b204e9800998ecf8427e",
        "groups": {},
        "checks": {
                "response has status": {
                    "name": "response has status",
                    "path": "::response has status",
                    "id": "b9ff80c48cb0b3fa2ed22e84ac94efd1",
                    "passes": 15,
                    "fails": 18
                }
            },
        "name": "",
        "path": ""
    },
    "metrics": {
        "http_req_duration{expected_response:true}": {
            "p(99)": 58502.9101,
            "max": 58556.423,
            "count": 8,
            "avg": 53972.63199999999,
            "min": 43734.742,
            "med": 55839.191999999995,
            "p(90)": 58021.294,
            "p(95)": 58288.8585
        },
        "http_req_blocked": {
            "p(99)": 7.868759999999997,
            "max": 11.239,
            "count": 33,
            "avg": 0.5965454545454547,
            "min": 0.004,
            "med": 0.233,
            "p(90)": 0.5212000000000001,
            "p(95)": 0.6277999999999998
        },
        "checks": {
            "passes": 15,
            "fails": 18,
            "value": 0.45454545454545453
        },
        "data_received": {
            "rate": 33.877467861682895,
            "count": 9147
        },
        "http_req_connecting": {
            "med": 0.175,
            "p(90)": 0.26580000000000004,
            "p(95)": 0.3151999999999999,
            "p(99)": 0.41459999999999997,
            "max": 0.445,
            "count": 33,
            "avg": 0.17215151515151514,
            "min": 0
        },
        "http_req_waiting": {
            "min": 40464.674,
            "med": 59999.844,
            "p(90)": 60001.1264,
            "p(95)": 60001.3438,
            "p(99)": 60001.358759999996,
            "max": 60001.361,
            "count": 33,
            "avg": 56244.4264848485
        },
        "http_req_failed": {
            "passes": 25,
            "fails": 8,
            "thresholds": {
                "rate<0.5": true
            },
            "value": 0.7575757575757576
        },
        "vus_max": {
            "value": 8,
            "min": 8,
            "max": 8
        },
        "http_req_sending": {
            "count": 33,
            "avg": 0.14818181818181816,
            "min": 0.023,
            "med": 0.07,
            "p(90)": 0.21280000000000004,
            "p(95)": 0.2318,
            "p(99)": 1.4508799999999995,
            "max": 2.024
        },
        "http_req_receiving": {
            "avg": 0.21945454545454549,
            "min": 0,
            "med": 0,
            "p(90)": 0.6184,
            "p(95)": 0.6531999999999999,
            "p(99)": 0.8497199999999999,
            "max": 0.923,
            "count": 33
        },
        "iteration_duration": {
            "p(90)": 60103.169224799996,
            "p(95)": 60103.5996332,
            "p(99)": 60103.95716656,
            "max": 60104.1075,
            "count": 33,
            "avg": 56346.89123354546,
            "min": 40571.310208,
            "med": 60101.790666
        },
        "data_sent": {
            "count": 14328,
            "rate": 53.0661812093793
        },
        "http_req_duration": {
            "med": 59999.9,
            "p(90)": 60001.174999999996,
            "p(95)": 60001.421,
            "p(99)": 60001.47096,
            "max": 60001.486,
            "count": 33,
            "avg": 56244.79412121212,
            "min": 40465.83,
            "thresholds": {
                "p(95)<20000": true
            }
        },
        "http_reqs": {
            "count": 33,
            "rate": 0.12222110412545484
        },
        "http_req_tls_handshaking": {
            "count": 33,
            "avg": 0,
            "min": 0,
            "med": 0,
            "p(90)": 0,
            "p(95)": 0,
            "p(99)": 0,
            "max": 0
        },
        "vus": {
            "value": 3,
            "min": 1,
            "max": 8
        },
        "iterations": {
            "count": 33,
            "rate": 0.12222110412545484
        }
    }
}