{
    "metrics": {
        "iterations": {
            "count": 7291,
            "rate": 30.370068553379788
        },
        "http_req_receiving": {
            "avg": 0.051771361953092065,
            "min": 0.005,
            "med": 0.038,
            "p(90)": 0.089,
            "p(95)": 0.11449999999999969,
            "p(99)": 0.21209999999999993,
            "max": 6.365,
            "count": 7291
        },
        "http_reqs": {
            "rate": 30.370068553379788,
            "count": 7291
        },
        "data_sent": {
            "count": 2930139,
            "rate": 12205.256110400727
        },
        "http_req_tls_handshaking": {
            "p(99)": 0,
            "max": 0,
            "count": 7291,
            "avg": 0,
            "min": 0,
            "med": 0,
            "p(90)": 0,
            "p(95)": 0
        },
        "http_req_sending": {
            "avg": 0.03016074612535977,
            "min": 0.003,
            "med": 0.018,
            "p(90)": 0.041,
            "p(95)": 0.068,
            "p(99)": 0.208,
            "max": 3.148,
            "count": 7291
        },
        "data_received": {
            "count": 3785322,
            "rate": 15767.451465727154
        },
        "vus": {
            "max": 8,
            "value": 8,
            "min": 1
        },
        "iteration_duration": {
            "p(95)": 158.87537499999974,
            "p(99)": 3130.6213000000002,
            "max": 3164.519291,
            "count": 7291,
            "avg": 246.92472283417973,
            "min": 105.807292,
            "med": 116.883083,
            "p(90)": 126.063542
        },
        "http_req_failed": {
            "passes": 0,
            "fails": 7291,
            "thresholds": {
                "rate<0.5": false
            },
            "value": 0
        },
        "checks": {
            "passes": 7291,
            "fails": 0,
            "value": 1
        },
        "http_req_waiting": {
            "p(90)": 24.778,
            "p(95)": 57.84349999999984,
            "p(99)": 3029.2232,
            "max": 3062.597,
            "count": 7291,
            "avg": 145.8113775888086,
            "min": 5.524,
            "med": 15.722
        },
        "http_req_duration": {
            "p(90)": 24.886,
            "p(95)": 58.22749999999999,
            "p(99)": 3029.3932999999997,
            "max": 3062.856,
            "count": 7291,
            "avg": 145.89330969688632,
            "min": 5.546,
            "med": 15.803,
            "thresholds": {
                "p(95)<20000": false
            }
        },
        "http_req_blocked": {
            "p(95)": 0.013,
            "p(99)": 0.24219999999999986,
            "max": 2.406,
            "count": 7291,
            "avg": 0.0119381429159239,
            "min": 0,
            "med": 0.004,
            "p(90)": 0.01
        },
        "vus_max": {
            "max": 8,
            "value": 8,
            "min": 8
        },
        "http_req_duration{expected_response:true}": {
            "p(90)": 24.886,
            "p(95)": 58.22749999999999,
            "p(99)": 3029.3932999999997,
            "max": 3062.856,
            "count": 7291,
            "avg": 145.89330969688632,
            "min": 5.546,
            "med": 15.803
        },
        "http_req_connecting": {
            "med": 0,
            "p(90)": 0,
            "p(95)": 0,
            "p(99)": 0.15139999999999973,
            "max": 2.06,
            "count": 7291,
            "avg": 0.004410368948018105,
            "min": 0
        }
    },
    "root_group": {
        "name": "",
        "path": "",
        "id": "d41d8cd98f00b204e9800998ecf8427e",
        "groups": {},
        "checks": {
                "response has status": {
                    "id": "b9ff80c48cb0b3fa2ed22e84ac94efd1",
                    "passes": 7291,
                    "fails": 0,
                    "name": "response has status",
                    "path": "::response has status"
                }
            }
    }
}