{
    "root_group": {
        "checks": {
            "response has status": {
                "id": "b9ff80c48cb0b3fa2ed22e84ac94efd1",
                "passes": 7293,
                "fails": 0,
                "name": "response has status",
                "path": "::response has status"
            }
        },
        "name": "",
        "path": "",
        "id": "d41d8cd98f00b204e9800998ecf8427e",
        "groups": {}
    },
    "metrics": {
        "http_req_blocked": {
            "p(90)": 0.01,
            "p(95)": 0.013,
            "p(99)": 0.2521599999999999,
            "max": 2.242,
            "count": 7293,
            "avg": 0.011910324969148662,
            "min": 0.001,
            "med": 0.005
        },
        "iteration_duration": {
            "avg": 246.82976852954863,
            "min": 104.496792,
            "med": 117.441917,
            "p(90)": 123.7793334,
            "p(95)": 140.4458828,
            "p(99)": 3136.95243,
            "max": 3161.478292,
            "count": 7293
        },
        "http_reqs": {
            "count": 7293,
            "rate": 30.38208996251401
        },
        "http_req_receiving": {
            "min": 0.006,
            "med": 0.04,
            "p(90)": 0.09,
            "p(95)": 0.115,
            "p(99)": 0.21707999999999994,
            "max": 2.251,
            "count": 7293,
            "avg": 0.05132661456190838
        },
        "http_req_failed": {
            "passes": 0,
            "fails": 7293,
            "thresholds": {
                "rate<0.5": false
            },
            "value": 0
        },
        "http_req_tls_handshaking": {
            "p(95)": 0,
            "p(99)": 0,
            "max": 0,
            "count": 7293,
            "avg": 0,
            "min": 0,
            "med": 0,
            "p(90)": 0
        },
        "vus_max": {
            "value": 8,
            "min": 8,
            "max": 8
        },
        "http_req_sending": {
            "med": 0.019,
            "p(90)": 0.044,
            "p(95)": 0.07139999999999967,
            "p(99)": 0.2112399999999998,
            "max": 3.841,
            "count": 7293,
            "avg": 0.031056355409296223,
            "min": 0.003
        },
        "http_req_duration": {
            "avg": 145.83005306458261,
            "min": 4.38,
            "med": 16.395,
            "p(90)": 22.7116,
            "p(95)": 39.64099999999998,
            "p(99)": 3035.4813999999997,
            "max": 3060.87,
            "count": 7293,
            "thresholds": {
                "p(95)<20000": false
            }
        },
        "http_req_duration{expected_response:true}": {
            "p(95)": 39.64099999999998,
            "p(99)": 3035.4813999999997,
            "max": 3060.87,
            "count": 7293,
            "avg": 145.83005306458261,
            "min": 4.38,
            "med": 16.395,
            "p(90)": 22.7116
        },
        "http_req_connecting": {
            "med": 0,
            "p(90)": 0,
            "p(95)": 0,
            "p(99)": 0.17107999999999995,
            "max": 2.103,
            "count": 7293,
            "avg": 0.003926779103249693,
            "min": 0
        },
        "http_req_waiting": {
            "p(90)": 22.6252,
            "p(95)": 39.546199999999985,
            "p(99)": 3035.29944,
            "max": 3060.394,
            "count": 7293,
            "avg": 145.74767009461158,
            "min": 4.356,
            "med": 16.318
        },
        "checks": {
            "passes": 7293,
            "fails": 0,
            "value": 1
        },
        "vus": {
            "min": 1,
            "max": 8,
            "value": 8
        },
        "iterations": {
            "count": 7293,
            "rate": 30.38208996251401
        },
        "data_sent": {
            "count": 3018465,
            "rate": 12574.698365377739
        },
        "data_received": {
            "count": 3786312,
            "rate": 15773.491266988392
        }
    }
}