{
    "metrics": {
        "vus_max": {
            "value": 8,
            "min": 8,
            "max": 8
        },
        "data_received": {
            "count": 4050154,
            "rate": 19282.27961657793
        },
        "http_req_sending": {
            "min": 0.002,
            "med": 0.019,
            "p(90)": 0.059,
            "p(95)": 0.083,
            "p(99)": 0.20117999999999994,
            "max": 13.632,
            "count": 8083,
            "avg": 0.03653321786465383
        },
        "http_req_waiting": {
            "p(90)": 562.8768,
            "p(95)": 663.9328999999998,
            "p(99)": 747.65422,
            "max": 778.501,
            "count": 8083,
            "avg": 91.83114833601373,
            "min": 3.978,
            "med": 15.736
        },
        "http_req_receiving": {
            "p(95)": 0.143,
            "p(99)": 0.24835999999999986,
            "max": 13.192,
            "count": 8083,
            "avg": 0.05903897067920297,
            "min": 0.006,
            "med": 0.041,
            "p(90)": 0.113
        },
        "iterations": {
            "count": 8083,
            "rate": 38.48215799715255
        },
        "data_sent": {
            "count": 3313486,
            "rate": 15775.09486247099
        },
        "iteration_duration": {
            "count": 8083,
            "avg": 193.0089911249544,
            "min": 104.118083,
            "med": 116.759125,
            "p(90)": 664.7613082,
            "p(95)": 765.6889292,
            "p(99)": 849.06373818,
            "max": 881.17175
        },
        "http_req_duration": {
            "p(90)": 563.024,
            "p(95)": 664.1881999999999,
            "p(99)": 747.89118,
            "max": 778.741,
            "count": 8083,
            "avg": 91.92672052455774,
            "min": 4.006,
            "med": 15.805,
            "thresholds": {
                "p(95)<20000": false
            }
        },
        "http_reqs": {
            "count": 8083,
            "rate": 38.48215799715255
        },
        "checks": {
            "passes": 8083,
            "fails": 0,
            "value": 1
        },
        "http_req_tls_handshaking": {
            "p(90)": 0,
            "p(95)": 0,
            "p(99)": 0,
            "max": 0,
            "count": 8083,
            "avg": 0,
            "min": 0,
            "med": 0
        },
        "http_req_blocked": {
            "p(90)": 0.284,
            "p(95)": 0.4328999999999996,
            "p(99)": 0.5661799999999999,
            "max": 5.573,
            "count": 8083,
            "avg": 0.058506742546084047,
            "min": 0,
            "med": 0.005
        },
        "http_req_connecting": {
            "count": 8083,
            "avg": 0.04173264876902138,
            "min": 0,
            "med": 0,
            "p(90)": 0.221,
            "p(95)": 0.339,
            "p(99)": 0.4411799999999999,
            "max": 5.336
        },
        "vus": {
            "min": 1,
            "max": 8,
            "value": 8
        },
        "http_req_failed": {
            "passes": 961,
            "fails": 7122,
            "thresholds": {
                "rate<0.5": false
            },
            "value": 0.11889150068044044
        },
        "http_req_duration{expected_response:true}": {
            "max": 764.886,
            "count": 7122,
            "avg": 17.38341013760183,
            "min": 4.006,
            "med": 15.1935,
            "p(90)": 20.3198,
            "p(95)": 22.627499999999998,
            "p(99)": 65.33283999999998
        }
    },
    "root_group": {
        "name": "",
        "path": "",
        "id": "d41d8cd98f00b204e9800998ecf8427e",
        "groups": {},
        "checks": {
                "response has status": {
                    "name": "response has status",
                    "path": "::response has status",
                    "id": "b9ff80c48cb0b3fa2ed22e84ac94efd1",
                    "passes": 8083,
                    "fails": 0
                }
            }
    }
}